,tag,path,individual,macs,params,meco,cscore,zen score,az-prog,az-expr,az-train,mlps,mambas,maxvits,convs
0,ind_1093,/home/silvada/Desktop/Projects2024/Chimera/Chimera_v1_clean/evolve_track_alpha_5m/exp000148/ind_1093.yaml,"{'0': 20, '1': 35, '2': {'block': 'C2f', 'repeats': 3, 'ch': 35, 'hd': 3}, '3': {'block': 'Conv_LSTM', 'ch': 35}, '4': 61, '5': {'block': 'C2f', 'repeats': 3, 'ch': 61}, '6': {'block': 'Conv_LSTM', 'ch': 61}, '7': 76, '8': {'block': 'C2f', 'repeats': 3, 'ch': 76}, '9': {'block': 'Conv_LSTM', 'ch': 76}, '10': 76, '11': {'block': 'WaveMLPLayer', 'repeats': 1, 'ch': 76}, '12': {'block': 'Conv_LSTM', 'ch': 76}, '13': {'ch': 76}}",537455360.0,769772.0,14.683216,1.4856426173233357,,,,,[          1],[          0],[          0],[          3]
1,ind_405,/home/silvada/Desktop/Projects2024/Chimera/Chimera_v1_clean/evolve_track_alpha_5m/exp000148/ind_405.yaml,"{'0': 20, '1': 35, '2': {'block': 'C2f', 'repeats': 3, 'ch': 35, 'hd': 3}, '3': {'block': 'Conv_LSTM', 'ch': 35}, '4': 50, '5': {'block': 'C2f', 'repeats': 3, 'ch': 50}, '6': {'block': 'Conv_LSTM', 'ch': 50}, '7': 76, '8': {'block': 'C2f', 'repeats': 3, 'ch': 76}, '9': {'block': 'Conv_LSTM', 'ch': 76}, '10': 76, '11': {'block': 'WaveMLPLayer', 'repeats': 1, 'ch': 76}, '12': {'block': 'Conv_LSTM', 'ch': 76}, '13': {'ch': 76}}",500960000.0,737004.0,14.657078,1.0231705231347872,,,,,[          1],[          0],[          0],[          3]
2,ind_854,/home/silvada/Desktop/Projects2024/Chimera/Chimera_v1_clean/evolve_track_alpha_5m/exp000148/ind_854.yaml,"{'0': 20, '1': 35, '2': {'block': 'C2f', 'repeats': 3, 'ch': 35, 'hd': 3}, '3': {'block': 'Conv_LSTM', 'ch': 35}, '4': 50, '5': {'block': 'C2f', 'repeats': 3, 'ch': 50}, '6': {'block': 'Conv_LSTM', 'ch': 50}, '7': 76, '8': {'block': 'C2f', 'repeats': 3, 'ch': 76}, '9': {'block': 'Conv_LSTM', 'ch': 76}, '10': 76, '11': {'block': 'MaxVitAttentionPairCl', 'repeats': 1, 'ch': 76}, '12': {'block': 'Conv_LSTM', 'ch': 76}, '13': {'ch': 76}}",492966400.0,632024.0,14.657078,0.9947513340886904,,,,,[          0],[          0],[          1],[          3]
3,ind_1080,/home/silvada/Desktop/Projects2024/Chimera/Chimera_v1_clean/evolve_track_alpha_5m/exp000148/ind_1080.yaml,"{'0': 20, '1': 40, '2': {'block': 'C2f', 'repeats': 3, 'ch': 40, 'hd': 3}, '3': {'block': 'Conv_LSTM', 'ch': 40}, '4': 50, '5': {'block': 'C2f', 'repeats': 3, 'ch': 50}, '6': {'block': 'Conv_LSTM', 'ch': 50}, '7': 66, '8': {'block': 'C2f', 'repeats': 3, 'ch': 66}, '9': {'block': 'Conv_LSTM', 'ch': 66}, '10': 76, '11': {'block': 'WaveMLPLayer', 'repeats': 2, 'ch': 76}, '12': {'block': 'Conv_LSTM', 'ch': 76}, '13': {'ch': 76}}",496875520.0,796464.0,14.650435,0.9240968729792701,,,,,[          1],[          0],[          0],[          3]
4,ind_603,/home/silvada/Desktop/Projects2024/Chimera/Chimera_v1_clean/evolve_track_alpha_5m/exp000148/ind_603.yaml,"{'0': 20, '1': 35, '2': {'block': 'C2f', 'repeats': 3, 'ch': 35, 'hd': 3}, '3': {'block': 'Conv_LSTM', 'ch': 35}, '4': 50, '5': {'block': 'C2f', 'repeats': 3, 'ch': 50}, '6': {'block': 'Conv_LSTM', 'ch': 50}, '7': 66, '8': {'block': 'C2f', 'repeats': 3, 'ch': 66}, '9': {'block': 'Conv_LSTM', 'ch': 66}, '10': 76, '11': {'block': 'WaveMLPLayer', 'repeats': 1, 'ch': 76}, '12': {'block': 'Conv_LSTM', 'ch': 76}, '13': {'ch': 76}}",489419520.0,696684.0,14.650435,0.8975889824759051,,,,,[          1],[          0],[          0],[          3]
5,ind_895,/home/silvada/Desktop/Projects2024/Chimera/Chimera_v1_clean/evolve_track_alpha_5m/exp000148/ind_895.yaml,"{'0': 20, '1': 35, '2': {'block': 'C2f', 'repeats': 3, 'ch': 35, 'hd': 3}, '3': {'block': 'Conv_LSTM', 'ch': 35}, '4': 50, '5': {'block': 'C2f', 'repeats': 3, 'ch': 50}, '6': {'block': 'Conv_LSTM', 'ch': 50}, '7': 66, '8': {'block': 'C2f', 'repeats': 3, 'ch': 66}, '9': {'block': 'Conv_LSTM', 'ch': 66}, '10': 76, '11': {'block': 'MaxVitAttentionPairCl', 'repeats': 1, 'ch': 76}, '12': {'block': 'Conv_LSTM', 'ch': 76}, '13': {'ch': 76}}",481425920.0,591704.0,14.650435,0.8691697934298083,,,,,[          0],[          0],[          1],[          3]
6,ind_996,/home/silvada/Desktop/Projects2024/Chimera/Chimera_v1_clean/evolve_track_alpha_5m/exp000148/ind_996.yaml,"{'0': 20, '1': 40, '2': {'block': 'C2f', 'repeats': 3, 'ch': 40, 'hd': 3}, '3': {'block': 'Conv_LSTM', 'ch': 40}, '4': 50, '5': {'block': 'C2f', 'repeats': 3, 'ch': 50}, '6': {'block': 'Conv_LSTM', 'ch': 50}, '7': 66, '8': {'block': 'C2f', 'repeats': 3, 'ch': 66}, '9': {'block': 'Conv_LSTM', 'ch': 66}, '10': 76, '11': {'block': 'MaxVitAttentionPairCl', 'repeats': 1, 'ch': 76}, '12': {'block': 'Conv_LSTM', 'ch': 76}, '13': {'ch': 76}}",481425920.0,591704.0,14.650435,0.8691697934298083,,,,,[          0],[          0],[          1],[          3]
7,ind_897,/home/silvada/Desktop/Projects2024/Chimera/Chimera_v1_clean/evolve_track_alpha_5m/exp000148/ind_897.yaml,"{'0': 20, '1': 35, '2': {'block': 'C2f', 'repeats': 3, 'ch': 35}, '3': {'block': 'Conv_LSTM', 'ch': 35}, '4': 58, '5': {'block': 'C2f', 'repeats': 3, 'ch': 58}, '6': {'block': 'Conv_LSTM', 'ch': 58}, '7': 65, '8': {'block': 'MambaVisionLayer', 'repeats': 2, 'ch': 65, 'hd': 1}, '9': {'block': 'Conv_LSTM', 'ch': 65}, '10': 80, '11': {'block': 'C2f', 'repeats': 2, 'ch': 80}, '12': {'block': 'Conv_LSTM', 'ch': 80}, '13': {'ch': 80}}",524007936.0,564368.0,14.638141,0.8640554438794916,,,,,[          0],[          1],[          0],[          3]
8,ind_1092,/home/silvada/Desktop/Projects2024/Chimera/Chimera_v1_clean/evolve_track_alpha_5m/exp000148/ind_1092.yaml,"{'0': 20, '1': 34, '2': {'block': 'C2f', 'repeats': 3, 'ch': 34}, '3': {'block': 'Conv_LSTM', 'ch': 34}, '4': 51, '5': {'block': 'C2f', 'repeats': 3, 'ch': 51}, '6': {'block': 'Conv_LSTM', 'ch': 51}, '7': 80, '8': {'block': 'C2f', 'repeats': 1, 'ch': 80, 'hd': 2}, '9': {'block': 'Conv_LSTM', 'ch': 80}, '10': 80, '11': {'block': 'C2f', 'repeats': 2, 'ch': 80}, '12': {'block': 'Conv_LSTM', 'ch': 80}, '13': {'ch': 80}}",466240000.0,490104.0,14.645982,0.7584882162787088,,,,,[          0],[          0],[          0],[          4]
9,ind_1067,/home/silvada/Desktop/Projects2024/Chimera/Chimera_v1_clean/evolve_track_alpha_5m/exp000148/ind_1067.yaml,"{'0': 20, '1': 35, '2': {'block': 'C2f', 'repeats': 3, 'ch': 35, 'hd': 3}, '3': {'block': 'Conv_LSTM', 'ch': 35}, '4': 50, '5': {'block': 'C2f', 'repeats': 3, 'ch': 50}, '6': {'block': 'Conv_LSTM', 'ch': 50}, '7': 62, '8': {'block': 'C2f', 'repeats': 3, 'ch': 62}, '9': {'block': 'Conv_LSTM', 'ch': 62}, '10': 76, '11': {'block': 'MaxVitAttentionPairCl', 'repeats': 1, 'ch': 76}, '12': {'block': 'Conv_LSTM', 'ch': 76}, '13': {'ch': 76}}",470909440.0,554584.0,14.643748,0.7466582601026786,,,,,[          0],[          0],[          1],[          3]
10,ind_1097,/home/silvada/Desktop/Projects2024/Chimera/Chimera_v1_clean/evolve_track_alpha_5m/exp000148/ind_1097.yaml,"{'0': 20, '1': 35, '2': {'block': 'C2f', 'repeats': 3, 'ch': 35, 'hd': 3}, '3': {'block': 'Conv_LSTM', 'ch': 35}, '4': 43, '5': {'block': 'C2f', 'repeats': 3, 'ch': 43}, '6': {'block': 'Conv_LSTM', 'ch': 43}, '7': 76, '8': {'block': 'C2f', 'repeats': 3, 'ch': 76}, '9': {'block': 'Conv_LSTM', 'ch': 76}, '10': 114, '11': {'block': 'WaveMLPLayer', 'repeats': 1, 'ch': 114}, '12': {'block': 'Conv_LSTM', 'ch': 114}, '13': {'ch': 114}}",502738240.0,1142606.0,14.633774,0.7328492695897628,,,,,[          1],[          0],[          0],[          3]
11,ind_1075,/home/silvada/Desktop/Projects2024/Chimera/Chimera_v1_clean/evolve_track_alpha_5m/exp000148/ind_1075.yaml,"{'0': 20, '1': 35, '2': {'block': 'C2f', 'repeats': 3, 'ch': 35, 'hd': 3}, '3': {'block': 'Conv_LSTM', 'ch': 35}, '4': 43, '5': {'block': 'C2f', 'repeats': 3, 'ch': 43}, '6': {'block': 'Conv_LSTM', 'ch': 43}, '7': 76, '8': {'block': 'C2f', 'repeats': 3, 'ch': 76}, '9': {'block': 'Conv_LSTM', 'ch': 76}, '10': 114, '11': {'block': 'WaveMLPLayer', 'repeats': 1, 'ch': 114}, '12': {'block': 'Conv_LSTM', 'ch': 114}, '13': {'ch': 114}}",502738240.0,1142606.0,14.633774,0.7328492695897628,,,,,[          1],[          0],[          0],[          3]
12,ind_924,/home/silvada/Desktop/Projects2024/Chimera/Chimera_v1_clean/evolve_track_alpha_5m/exp000148/ind_924.yaml,"{'0': 20, '1': 34, '2': {'block': 'C2f', 'repeats': 3, 'ch': 34}, '3': {'block': 'Conv_LSTM', 'ch': 34}, '4': 68, '5': {'block': 'C2f', 'repeats': 2, 'ch': 68}, '6': {'block': 'Conv_LSTM', 'ch': 68}, '7': 68, '8': {'block': 'MambaVisionLayer', 'repeats': 2, 'ch': 68, 'hd': 1}, '9': {'block': 'Conv_LSTM', 'ch': 68}, '10': 80, '11': {'block': 'C2f', 'repeats': 2, 'ch': 80}, '12': {'block': 'Conv_LSTM', 'ch': 80}, '13': {'ch': 80}}",530868736.0,573696.0,14.624555,0.7155064755562578,,,,,[          0],[          1],[          0],[          3]
13,ind_764,/home/silvada/Desktop/Projects2024/Chimera/Chimera_v1_clean/evolve_track_alpha_5m/exp000148/ind_764.yaml,"{'0': 20, '1': 34, '2': {'block': 'C2f', 'repeats': 3, 'ch': 34}, '3': {'block': 'Conv_LSTM', 'ch': 34}, '4': 68, '5': {'block': 'C2f', 'repeats': 2, 'ch': 68}, '6': {'block': 'Conv_LSTM', 'ch': 68}, '7': 68, '8': {'block': 'MambaVisionLayer', 'repeats': 2, 'ch': 68, 'hd': 1}, '9': {'block': 'Conv_LSTM', 'ch': 68}, '10': 80, '11': {'block': 'C2f', 'repeats': 2, 'ch': 80}, '12': {'block': 'Conv_LSTM', 'ch': 80}, '13': {'ch': 80}}",530868736.0,573696.0,14.624555,0.7155064755562578,,,,,[          0],[          1],[          0],[          3]
14,ind_867,/home/silvada/Desktop/Projects2024/Chimera/Chimera_v1_clean/evolve_track_alpha_5m/exp000148/ind_867.yaml,"{'0': 20, '1': 35, '2': {'block': 'C2f', 'repeats': 3, 'ch': 35, 'hd': 3}, '3': {'block': 'Conv_LSTM', 'ch': 35}, '4': 50, '5': {'block': 'C2f', 'repeats': 3, 'ch': 50}, '6': {'block': 'Conv_LSTM', 'ch': 50}, '7': 76, '8': {'block': 'WaveMLPLayer', 'repeats': 3, 'ch': 76}, '9': {'block': 'Conv_LSTM', 'ch': 76}, '10': 76, '11': {'block': 'WaveMLPLayer', 'repeats': 1, 'ch': 76}, '12': {'block': 'Conv_LSTM', 'ch': 76}, '13': {'ch': 76}}",606348800.0,1086984.0,14.600325,0.6754255488770182,,,,,[          2],[          0],[          0],[          2]
15,ind_892,/home/silvada/Desktop/Projects2024/Chimera/Chimera_v1_clean/evolve_track_alpha_5m/exp000148/ind_892.yaml,"{'0': 20, '1': 34, '2': {'block': 'C2f', 'repeats': 3, 'ch': 34}, '3': {'block': 'Conv_LSTM', 'ch': 34}, '4': 68, '5': {'block': 'C2f', 'repeats': 2, 'ch': 68}, '6': {'block': 'Conv_LSTM', 'ch': 68}, '7': 68, '8': {'block': 'MambaVisionLayer', 'repeats': 2, 'ch': 68, 'hd': 1}, '9': {'block': 'Conv_LSTM', 'ch': 68}, '10': 80, '11': {'block': 'MaxVitAttentionPairCl', 'repeats': 2, 'ch': 80}, '12': {'block': 'Conv_LSTM', 'ch': 80}, '13': {'ch': 80}}",536910336.0,651296.0,14.61309,0.591043528439704,,,,,[          0],[          1],[          1],[          2]
16,ind_533,/home/silvada/Desktop/Projects2024/Chimera/Chimera_v1_clean/evolve_track_alpha_5m/exp000148/ind_533.yaml,"{'0': 20, '1': 35, '2': {'block': 'C2f', 'repeats': 3, 'ch': 35, 'hd': 3}, '3': {'block': 'Conv_LSTM', 'ch': 35}, '4': 43, '5': {'block': 'C2f', 'repeats': 3, 'ch': 43}, '6': {'block': 'Conv_LSTM', 'ch': 43}, '7': 76, '8': {'block': 'C2f', 'repeats': 3, 'ch': 76}, '9': {'block': 'Conv_LSTM', 'ch': 76}, '10': 76, '11': {'block': 'WaveMLPLayer', 'repeats': 1, 'ch': 76}, '12': {'block': 'Conv_LSTM', 'ch': 76}, '13': {'ch': 76}}",468560640.0,707436.0,14.630238,0.5663259560616221,,,,,[          1],[          0],[          0],[          3]
17,ind_722,/home/silvada/Desktop/Projects2024/Chimera/Chimera_v1_clean/evolve_track_alpha_5m/exp000148/ind_722.yaml,"{'0': 20, '1': 35, '2': {'block': 'C2f', 'repeats': 3, 'ch': 35, 'hd': 3}, '3': {'block': 'Conv_LSTM', 'ch': 35}, '4': 43, '5': {'block': 'C2f', 'repeats': 3, 'ch': 43}, '6': {'block': 'Conv_LSTM', 'ch': 43}, '7': 76, '8': {'block': 'C2f', 'repeats': 3, 'ch': 76}, '9': {'block': 'Conv_LSTM', 'ch': 76}, '10': 76, '11': {'block': 'WaveMLPLayer', 'repeats': 1, 'ch': 76}, '12': {'block': 'Conv_LSTM', 'ch': 76}, '13': {'ch': 76}}",468560640.0,707436.0,14.630238,0.5663259560616221,,,,,[          1],[          0],[          0],[          3]
18,ind_1053,/home/silvada/Desktop/Projects2024/Chimera/Chimera_v1_clean/evolve_track_alpha_5m/exp000148/ind_1053.yaml,"{'0': 20, '1': 35, '2': {'block': 'C2f', 'repeats': 3, 'ch': 35, 'hd': 3}, '3': {'block': 'Conv_LSTM', 'ch': 35}, '4': 52, '5': {'block': 'C2f', 'repeats': 3, 'ch': 52}, '6': {'block': 'Conv_LSTM', 'ch': 52}, '7': 71, '8': {'block': 'WaveMLPLayer', 'repeats': 3, 'ch': 71}, '9': {'block': 'Conv_LSTM', 'ch': 71}, '10': 76, '11': {'block': 'WaveMLPLayer', 'repeats': 1, 'ch': 76}, '12': {'block': 'Conv_LSTM', 'ch': 76}, '13': {'ch': 76}}",575051712.0,981138.0,14.599156,0.5492857881653795,,,,,[          2],[          0],[          0],[          2]
19,ind_923,/home/silvada/Desktop/Projects2024/Chimera/Chimera_v1_clean/evolve_track_alpha_5m/exp000148/ind_923.yaml,"{'0': 20, '1': 35, '2': {'block': 'C2f', 'repeats': 3, 'ch': 35, 'hd': 3}, '3': {'block': 'Conv_LSTM', 'ch': 35}, '4': 43, '5': {'block': 'C2f', 'repeats': 3, 'ch': 43}, '6': {'block': 'Conv_LSTM', 'ch': 43}, '7': 76, '8': {'block': 'C2f', 'repeats': 3, 'ch': 76}, '9': {'block': 'Conv_LSTM', 'ch': 76}, '10': 76, '11': {'block': 'MaxVitAttentionPairCl', 'repeats': 1, 'ch': 76}, '12': {'block': 'Conv_LSTM', 'ch': 76}, '13': {'ch': 76}}",460567040.0,602456.0,14.630238,0.5379067670155252,,,,,[          0],[          0],[          1],[          3]
20,ind_1047,/home/silvada/Desktop/Projects2024/Chimera/Chimera_v1_clean/evolve_track_alpha_5m/exp000148/ind_1047.yaml,"{'0': 20, '1': 34, '2': {'block': 'C2f', 'repeats': 2, 'ch': 34}, '3': {'block': 'Conv_LSTM', 'ch': 34}, '4': 68, '5': {'block': 'C2f', 'repeats': 3, 'ch': 68}, '6': {'block': 'Conv_LSTM', 'ch': 68}, '7': 80, '8': {'block': 'MambaVisionLayer', 'repeats': 2, 'ch': 80, 'hd': 1}, '9': {'block': 'Conv_LSTM', 'ch': 80}, '10': 160, '11': {'block': 'C2f', 'repeats': 2, 'ch': 160}, '12': {'block': 'Conv_LSTM', 'ch': 160}, '13': {'ch': 160}}",576680960.0,1128040.0,14.593587,0.4841828813839469,,,,,[          0],[          1],[          0],[          3]
21,ind_997,/home/silvada/Desktop/Projects2024/Chimera/Chimera_v1_clean/evolve_track_alpha_5m/exp000148/ind_997.yaml,"{'0': 20, '1': 34, '2': {'block': 'C2f', 'repeats': 3, 'ch': 34}, '3': {'block': 'Conv_LSTM', 'ch': 34}, '4': 51, '5': {'block': 'C2f', 'repeats': 3, 'ch': 51}, '6': {'block': 'Conv_LSTM', 'ch': 51}, '7': 80, '8': {'block': 'MambaVisionLayer', 'repeats': 2, 'ch': 80, 'hd': 3}, '9': {'block': 'Conv_LSTM', 'ch': 80}, '10': 80, '11': {'block': 'C2f', 'repeats': 2, 'ch': 80}, '12': {'block': 'Conv_LSTM', 'ch': 80}, '13': {'ch': 80}}",502039040.0,576424.0,14.611936,0.4523786844195681,,,,,[          0],[          1],[          0],[          3]
22,ind_1022,/home/silvada/Desktop/Projects2024/Chimera/Chimera_v1_clean/evolve_track_alpha_5m/exp000148/ind_1022.yaml,"{'0': 20, '1': 33, '2': {'block': 'C2f', 'repeats': 3, 'ch': 33, 'hd': 3}, '3': {'block': 'Conv_LSTM', 'ch': 33}, '4': 49, '5': {'block': 'C2f', 'repeats': 3, 'ch': 49}, '6': {'block': 'Conv_LSTM', 'ch': 49}, '7': 76, '8': {'block': 'WaveMLPLayer', 'repeats': 1, 'ch': 76}, '9': {'block': 'Conv_LSTM', 'ch': 76}, '10': 76, '11': {'block': 'MaxVitAttentionPairCl', 'repeats': 1, 'ch': 76}, '12': {'block': 'Conv_LSTM', 'ch': 76}, '13': {'ch': 76}}",538745600.0,782444.0,14.600325,0.43507975712848257,,,,,[          1],[          0],[          1],[          2]
23,ind_970,/home/silvada/Desktop/Projects2024/Chimera/Chimera_v1_clean/evolve_track_alpha_5m/exp000148/ind_970.yaml,"{'0': 20, '1': 34, '2': {'block': 'C2f', 'repeats': 3, 'ch': 34}, '3': {'block': 'Conv_LSTM', 'ch': 34}, '4': 51, '5': {'block': 'C2f', 'repeats': 3, 'ch': 51}, '6': {'block': 'Conv_LSTM', 'ch': 51}, '7': 76, '8': {'block': 'MambaVisionLayer', 'repeats': 1, 'ch': 76, 'hd': 2}, '9': {'block': 'Conv_LSTM', 'ch': 76}, '10': 80, '11': {'block': 'C2f', 'repeats': 2, 'ch': 80}, '12': {'block': 'Conv_LSTM', 'ch': 80}, '13': {'ch': 80}}",476817920.0,510624.0,14.611936,0.36271147850054614,,,,,[          0],[          1],[          0],[          3]
24,ind_1098,/home/silvada/Desktop/Projects2024/Chimera/Chimera_v1_clean/evolve_track_alpha_5m/exp000148/ind_1098.yaml,"{'0': 20, '1': 33, '2': {'block': 'C2f', 'repeats': 3, 'ch': 33}, '3': {'block': 'Conv_LSTM', 'ch': 33}, '4': 51, '5': {'block': 'C2f', 'repeats': 3, 'ch': 51}, '6': {'block': 'Conv_LSTM', 'ch': 51}, '7': 76, '8': {'block': 'MambaVisionLayer', 'repeats': 1, 'ch': 76, 'hd': 2}, '9': {'block': 'Conv_LSTM', 'ch': 76}, '10': 80, '11': {'block': 'C2f', 'repeats': 2, 'ch': 80}, '12': {'block': 'Conv_LSTM', 'ch': 80}, '13': {'ch': 80}}",476817920.0,510624.0,14.611936,0.36271147850054614,,,,,[          0],[          1],[          0],[          3]
25,ind_843,/home/silvada/Desktop/Projects2024/Chimera/Chimera_v1_clean/evolve_track_alpha_5m/exp000148/ind_843.yaml,"{'0': 20, '1': 34, '2': {'block': 'C2f', 'repeats': 3, 'ch': 34}, '3': {'block': 'Conv_LSTM', 'ch': 34}, '4': 51, '5': {'block': 'C2f', 'repeats': 3, 'ch': 51}, '6': {'block': 'Conv_LSTM', 'ch': 51}, '7': 80, '8': {'block': 'MambaVisionLayer', 'repeats': 1, 'ch': 80, 'hd': 2}, '9': {'block': 'Conv_LSTM', 'ch': 80}, '10': 80, '11': {'block': 'C2f', 'repeats': 2, 'ch': 80}, '12': {'block': 'Conv_LSTM', 'ch': 80}, '13': {'ch': 80}}",476817920.0,510624.0,14.611936,0.36271147850054614,,,,,[          0],[          1],[          0],[          3]
26,ind_1083,/home/silvada/Desktop/Projects2024/Chimera/Chimera_v1_clean/evolve_track_alpha_5m/exp000148/ind_1083.yaml,"{'0': 20, '1': 34, '2': {'block': 'C2f', 'repeats': 2, 'ch': 34}, '3': {'block': 'Conv_LSTM', 'ch': 34}, '4': 68, '5': {'block': 'C2f', 'repeats': 3, 'ch': 68}, '6': {'block': 'Conv_LSTM', 'ch': 68}, '7': 80, '8': {'block': 'MambaVisionLayer', 'repeats': 2, 'ch': 80, 'hd': 1}, '9': {'block': 'Conv_LSTM', 'ch': 80}, '10': 132, '11': {'block': 'C2f', 'repeats': 2, 'ch': 132}, '12': {'block': 'Conv_LSTM', 'ch': 132}, '13': {'ch': 132}}",562461440.0,950512.0,14.587838,0.36045151060079317,,,,,[          0],[          1],[          0],[          3]
27,ind_982,/home/silvada/Desktop/Projects2024/Chimera/Chimera_v1_clean/evolve_track_alpha_5m/exp000148/ind_982.yaml,"{'0': 20, '1': 35, '2': {'block': 'C2f', 'repeats': 3, 'ch': 35, 'hd': 3}, '3': {'block': 'Conv_LSTM', 'ch': 35}, '4': 50, '5': {'block': 'C2f', 'repeats': 3, 'ch': 50}, '6': {'block': 'Conv_LSTM', 'ch': 50}, '7': 76, '8': {'block': 'MambaVisionLayer', 'repeats': 2, 'ch': 76, 'hd': 3}, '9': {'block': 'Conv_LSTM', 'ch': 76}, '10': 76, '11': {'block': 'WaveMLPLayer', 'repeats': 1, 'ch': 76}, '12': {'block': 'Conv_LSTM', 'ch': 76}, '13': {'ch': 76}}",516074240.0,759004.0,14.600325,0.354477567154989,,,,,[          1],[          1],[          0],[          2]
28,ind_1081,/home/silvada/Desktop/Projects2024/Chimera/Chimera_v1_clean/evolve_track_alpha_5m/exp000148/ind_1081.yaml,"{'0': 20, '1': 35, '2': {'block': 'C2f', 'repeats': 3, 'ch': 35, 'hd': 3}, '3': {'block': 'Conv_LSTM', 'ch': 35}, '4': 52, '5': {'block': 'C2f', 'repeats': 3, 'ch': 52}, '6': {'block': 'Conv_LSTM', 'ch': 52}, '7': 71, '8': {'block': 'MaxVitAttentionPairCl', 'repeats': 3, 'ch': 71}, '9': {'block': 'Conv_LSTM', 'ch': 71}, '10': 76, '11': {'block': 'WaveMLPLayer', 'repeats': 1, 'ch': 76}, '12': {'block': 'Conv_LSTM', 'ch': 76}, '13': {'ch': 76}}",500570880.0,733548.0,14.599156,0.2844883445957014,,,,,[          1],[          0],[          1],[          2]
29,ind_1020,/home/silvada/Desktop/Projects2024/Chimera/Chimera_v1_clean/evolve_track_alpha_5m/exp000148/ind_1020.yaml,"{'0': 20, '1': 34, '2': {'block': 'C2f', 'repeats': 2, 'ch': 34}, '3': {'block': 'Conv_LSTM', 'ch': 34}, '4': 68, '5': {'block': 'C2f', 'repeats': 3, 'ch': 68}, '6': {'block': 'Conv_LSTM', 'ch': 68}, '7': 85, '8': {'block': 'MambaVisionLayer', 'repeats': 2, 'ch': 85, 'hd': 1}, '9': {'block': 'Conv_LSTM', 'ch': 85}, '10': 102, '11': {'block': 'C2f', 'repeats': 2, 'ch': 102}, '12': {'block': 'Conv_LSTM', 'ch': 102}, '13': {'ch': 102}}",562955008.0,805016.0,14.581313,0.2791471038667261,,,,,[          0],[          1],[          0],[          3]
30,ind_1057,/home/silvada/Desktop/Projects2024/Chimera/Chimera_v1_clean/evolve_track_alpha_5m/exp000148/ind_1057.yaml,"{'0': 20, '1': 35, '2': {'block': 'C2f', 'repeats': 3, 'ch': 35, 'hd': 3}, '3': {'block': 'Conv_LSTM', 'ch': 35}, '4': 43, '5': {'block': 'C2f', 'repeats': 3, 'ch': 43}, '6': {'block': 'Conv_LSTM', 'ch': 43}, '7': 76, '8': {'block': 'WaveMLPLayer', 'repeats': 3, 'ch': 76}, '9': {'block': 'Conv_LSTM', 'ch': 76}, '10': 95, '11': {'block': 'WaveMLPLayer', 'repeats': 1, 'ch': 95}, '12': {'block': 'Conv_LSTM', 'ch': 95}, '13': {'ch': 95}}",586099456.0,1212092.0,14.573397,0.26066039557476844,,,,,[          2],[          0],[          0],[          2]
31,ind_1035,/home/silvada/Desktop/Projects2024/Chimera/Chimera_v1_clean/evolve_track_alpha_5m/exp000148/ind_1035.yaml,"{'0': 20, '1': 33, '2': {'block': 'C2f', 'repeats': 3, 'ch': 33, 'hd': 3}, '3': {'block': 'Conv_LSTM', 'ch': 33}, '4': 43, '5': {'block': 'C2f', 'repeats': 3, 'ch': 43}, '6': {'block': 'Conv_LSTM', 'ch': 43}, '7': 76, '8': {'block': 'C2f', 'repeats': 1, 'ch': 76}, '9': {'block': 'Conv_LSTM', 'ch': 76}, '10': 76, '11': {'block': 'WaveMLPLayer', 'repeats': 1, 'ch': 76}, '12': {'block': 'Conv_LSTM', 'ch': 76}, '13': {'ch': 76}}",447875840.0,643116.0,14.607307,0.20090186493818937,,,,,[          1],[          0],[          0],[          3]
32,ind_623,/home/silvada/Desktop/Projects2024/Chimera/Chimera_v1_clean/evolve_track_alpha_5m/exp000148/ind_623.yaml,"{'0': 20, '1': 35, '2': {'block': 'C2f', 'repeats': 3, 'ch': 35, 'hd': 3}, '3': {'block': 'Conv_LSTM', 'ch': 35}, '4': 43, '5': {'block': 'C2f', 'repeats': 3, 'ch': 43}, '6': {'block': 'Conv_LSTM', 'ch': 43}, '7': 76, '8': {'block': 'WaveMLPLayer', 'repeats': 3, 'ch': 76}, '9': {'block': 'Conv_LSTM', 'ch': 76}, '10': 76, '11': {'block': 'WaveMLPLayer', 'repeats': 1, 'ch': 76}, '12': {'block': 'Conv_LSTM', 'ch': 76}, '13': {'ch': 76}}",573949440.0,1057416.0,14.571896,0.19835640391230125,,,,,[          2],[          0],[          0],[          2]
33,ind_1096,/home/silvada/Desktop/Projects2024/Chimera/Chimera_v1_clean/evolve_track_alpha_5m/exp000148/ind_1096.yaml,"{'0': 20, '1': 35, '2': {'block': 'C2f', 'repeats': 3, 'ch': 35, 'hd': 3}, '3': {'block': 'Conv_LSTM', 'ch': 35}, '4': 43, '5': {'block': 'C2f', 'repeats': 3, 'ch': 43}, '6': {'block': 'Conv_LSTM', 'ch': 43}, '7': 53, '8': {'block': 'C2f', 'repeats': 3, 'ch': 53}, '9': {'block': 'Conv_LSTM', 'ch': 53}, '10': 76, '11': {'block': 'WaveMLPLayer', 'repeats': 1, 'ch': 76}, '12': {'block': 'Conv_LSTM', 'ch': 76}, '13': {'ch': 76}}",437564160.0,597804.0,14.609625,0.19374057286385132,,,,,[          1],[          0],[          0],[          3]
34,ind_853,/home/silvada/Desktop/Projects2024/Chimera/Chimera_v1_clean/evolve_track_alpha_5m/exp000148/ind_853.yaml,"{'0': 20, '1': 35, '2': {'block': 'C2f', 'repeats': 2, 'ch': 35}, '3': {'block': 'Conv_LSTM', 'ch': 35}, '4': 70, '5': {'block': 'C2f', 'repeats': 2, 'ch': 70}, '6': {'block': 'Conv_LSTM', 'ch': 70}, '7': 80, '8': {'block': 'C2f', 'repeats': 1, 'ch': 80, 'hd': 1}, '9': {'block': 'Conv_LSTM', 'ch': 80}, '10': 160, '11': {'block': 'C2f', 'repeats': 2, 'ch': 160}, '12': {'block': 'Conv_LSTM', 'ch': 160}, '13': {'ch': 160}}",507335680.0,1015656.0,14.586507,0.14751916269085955,,,,,[          0],[          0],[          0],[          4]
35,ind_1012,/home/silvada/Desktop/Projects2024/Chimera/Chimera_v1_clean/evolve_track_alpha_5m/exp000148/ind_1012.yaml,"{'0': 20, '1': 34, '2': {'block': 'C2f', 'repeats': 2, 'ch': 34}, '3': {'block': 'Conv_LSTM', 'ch': 34}, '4': 68, '5': {'block': 'C2f', 'repeats': 3, 'ch': 68}, '6': {'block': 'Conv_LSTM', 'ch': 68}, '7': 68, '8': {'block': 'MambaVisionLayer', 'repeats': 2, 'ch': 68, 'hd': 1}, '9': {'block': 'Conv_LSTM', 'ch': 68}, '10': 102, '11': {'block': 'C2f', 'repeats': 2, 'ch': 102}, '12': {'block': 'Conv_LSTM', 'ch': 102}, '13': {'ch': 102}}",531878656.0,707000.0,14.57893,0.1383262595535367,,,,,[          0],[          1],[          0],[          3]
36,ind_1036,/home/silvada/Desktop/Projects2024/Chimera/Chimera_v1_clean/evolve_track_alpha_5m/exp000148/ind_1036.yaml,"{'0': 20, '1': 35, '2': {'block': 'C2f', 'repeats': 2, 'ch': 35}, '3': {'block': 'Conv_LSTM', 'ch': 35}, '4': 58, '5': {'block': 'C2f', 'repeats': 2, 'ch': 58}, '6': {'block': 'Conv_LSTM', 'ch': 58}, '7': 76, '8': {'block': 'C2f', 'repeats': 3, 'ch': 76, 'hd': 1}, '9': {'block': 'Conv_LSTM', 'ch': 76}, '10': 160, '11': {'block': 'C2f', 'repeats': 2, 'ch': 160}, '12': {'block': 'Conv_LSTM', 'ch': 160}, '13': {'ch': 160}}",494433280.0,1049464.0,14.586507,0.1016479976652941,,,,,[          0],[          0],[          0],[          4]
37,ind_832,/home/silvada/Desktop/Projects2024/Chimera/Chimera_v1_clean/evolve_track_alpha_5m/exp000148/ind_832.yaml,"{'0': 20, '1': 34, '2': {'block': 'C2f', 'repeats': 2, 'ch': 34}, '3': {'block': 'Conv_LSTM', 'ch': 34}, '4': 68, '5': {'block': 'C2f', 'repeats': 3, 'ch': 68}, '6': {'block': 'Conv_LSTM', 'ch': 68}, '7': 80, '8': {'block': 'MambaVisionLayer', 'repeats': 2, 'ch': 80, 'hd': 1}, '9': {'block': 'Conv_LSTM', 'ch': 80}, '10': 80, '11': {'block': 'C2f', 'repeats': 2, 'ch': 80}, '12': {'block': 'Conv_LSTM', 'ch': 80}, '13': {'ch': 80}}",537346560.0,637080.0,14.574296,0.09877965710085021,,,,,[          0],[          1],[          0],[          3]
38,ind_1039,/home/silvada/Desktop/Projects2024/Chimera/Chimera_v1_clean/evolve_track_alpha_5m/exp000148/ind_1039.yaml,"{'0': 20, '1': 35, '2': {'block': 'C2f', 'repeats': 3, 'ch': 35, 'hd': 3}, '3': {'block': 'Conv_LSTM', 'ch': 35}, '4': 43, '5': {'block': 'C2f', 'repeats': 3, 'ch': 43}, '6': {'block': 'Conv_LSTM', 'ch': 43}, '7': 71, '8': {'block': 'WaveMLPLayer', 'repeats': 3, 'ch': 71}, '9': {'block': 'Conv_LSTM', 'ch': 71}, '10': 76, '11': {'block': 'WaveMLPLayer', 'repeats': 1, 'ch': 76}, '12': {'block': 'Conv_LSTM', 'ch': 76}, '13': {'ch': 76}}",542836672.0,952146.0,14.570693,0.07243491986543604,,,,,[          2],[          0],[          0],[          2]
39,ind_985,/home/silvada/Desktop/Projects2024/Chimera/Chimera_v1_clean/evolve_track_alpha_5m/exp000148/ind_985.yaml,"{'0': 20, '1': 33, '2': {'block': 'C2f', 'repeats': 3, 'ch': 33, 'hd': 3}, '3': {'block': 'Conv_LSTM', 'ch': 33}, '4': 43, '5': {'block': 'C2f', 'repeats': 3, 'ch': 43}, '6': {'block': 'Conv_LSTM', 'ch': 43}, '7': 76, '8': {'block': 'WaveMLPLayer', 'repeats': 1, 'ch': 76}, '9': {'block': 'Conv_LSTM', 'ch': 76}, '10': 95, '11': {'block': 'MaxVitAttentionPairCl', 'repeats': 1, 'ch': 95}, '12': {'block': 'Conv_LSTM', 'ch': 95}, '13': {'ch': 95}}",515052800.0,861980.0,14.573397,0.008072281588953437,,,,,[          1],[          0],[          1],[          2]
40,ind_1082,/home/silvada/Desktop/Projects2024/Chimera/Chimera_v1_clean/evolve_track_alpha_5m/exp000148/ind_1082.yaml,"{'0': 20, '1': 35, '2': {'block': 'C2f', 'repeats': 3, 'ch': 35, 'hd': 3}, '3': {'block': 'Conv_LSTM', 'ch': 35}, '4': 61, '5': {'block': 'WaveMLPLayer', 'repeats': 3, 'ch': 61}, '6': {'block': 'Conv_LSTM', 'ch': 61}, '7': 66, '8': {'block': 'C2f', 'repeats': 3, 'ch': 66}, '9': {'block': 'Conv_LSTM', 'ch': 66}, '10': 99, '11': {'block': 'WaveMLPLayer', 'repeats': 1, 'ch': 99}, '12': {'block': 'Conv_LSTM', 'ch': 99}, '13': {'ch': 99}}",816236864.0,1194570.0,14.489108,0.00592026966476441,,,,,[          2],[          0],[          0],[          2]
41,ind_917,/home/silvada/Desktop/Projects2024/Chimera/Chimera_v1_clean/evolve_track_alpha_5m/exp000148/ind_917.yaml,"{'0': 20, '1': 33, '2': {'block': 'C2f', 'repeats': 3, 'ch': 33, 'hd': 3}, '3': {'block': 'Conv_LSTM', 'ch': 33}, '4': 43, '5': {'block': 'C2f', 'repeats': 3, 'ch': 43}, '6': {'block': 'Conv_LSTM', 'ch': 43}, '7': 76, '8': {'block': 'WaveMLPLayer', 'repeats': 1, 'ch': 76}, '9': {'block': 'Conv_LSTM', 'ch': 76}, '10': 76, '11': {'block': 'WaveMLPLayer', 'repeats': 1, 'ch': 76}, '12': {'block': 'Conv_LSTM', 'ch': 76}, '13': {'ch': 76}}",514339840.0,857856.0,14.571896,-0.013570198790137529,,,,,[          2],[          0],[          0],[          2]
42,ind_831,/home/silvada/Desktop/Projects2024/Chimera/Chimera_v1_clean/evolve_track_alpha_5m/exp000148/ind_831.yaml,"{'0': 20, '1': 35, '2': {'block': 'C2f', 'repeats': 3, 'ch': 35, 'hd': 3}, '3': {'block': 'Conv_LSTM', 'ch': 35}, '4': 43, '5': {'block': 'C2f', 'repeats': 3, 'ch': 43}, '6': {'block': 'Conv_LSTM', 'ch': 43}, '7': 76, '8': {'block': 'WaveMLPLayer', 'repeats': 1, 'ch': 76}, '9': {'block': 'Conv_LSTM', 'ch': 76}, '10': 76, '11': {'block': 'WaveMLPLayer', 'repeats': 1, 'ch': 76}, '12': {'block': 'Conv_LSTM', 'ch': 76}, '13': {'ch': 76}}",514339840.0,857856.0,14.571896,-0.013570198790137529,,,,,[          2],[          0],[          0],[          2]
43,ind_1042,/home/silvada/Desktop/Projects2024/Chimera/Chimera_v1_clean/evolve_track_alpha_5m/exp000148/ind_1042.yaml,"{'0': 20, '1': 35, '2': {'block': 'C2f', 'repeats': 2, 'ch': 35}, '3': {'block': 'Conv_LSTM', 'ch': 35}, '4': 70, '5': {'block': 'C2f', 'repeats': 2, 'ch': 70}, '6': {'block': 'Conv_LSTM', 'ch': 70}, '7': 93, '8': {'block': 'MambaVisionLayer', 'repeats': 2, 'ch': 93, 'hd': 1}, '9': {'block': 'Conv_LSTM', 'ch': 93}, '10': 160, '11': {'block': 'C2f', 'repeats': 2, 'ch': 160}, '12': {'block': 'Conv_LSTM', 'ch': 160}, '13': {'ch': 160}}",577483776.0,1215240.0,14.55279,-0.03228297138929129,,,,,[          0],[          1],[          0],[          3]
44,ind_1026,/home/silvada/Desktop/Projects2024/Chimera/Chimera_v1_clean/evolve_track_alpha_5m/exp000148/ind_1026.yaml,"{'0': 20, '1': 35, '2': {'block': 'C2f', 'repeats': 3, 'ch': 35, 'hd': 3}, '3': {'block': 'Conv_LSTM', 'ch': 35}, '4': 43, '5': {'block': 'C2f', 'repeats': 3, 'ch': 43}, '6': {'block': 'Conv_LSTM', 'ch': 43}, '7': 76, '8': {'block': 'MambaVisionLayer', 'repeats': 3, 'ch': 76, 'hd': 3}, '9': {'block': 'Conv_LSTM', 'ch': 76}, '10': 76, '11': {'block': 'WaveMLPLayer', 'repeats': 1, 'ch': 76}, '12': {'block': 'Conv_LSTM', 'ch': 76}, '13': {'ch': 76}}",508896000.0,795236.0,14.571896,-0.03292437189070596,,,,,[          1],[          1],[          0],[          2]
45,ind_980,/home/silvada/Desktop/Projects2024/Chimera/Chimera_v1_clean/evolve_track_alpha_5m/exp000148/ind_980.yaml,"{'0': 20, '1': 35, '2': {'block': 'C2f', 'repeats': 3, 'ch': 35, 'hd': 3}, '3': {'block': 'Conv_LSTM', 'ch': 35}, '4': 43, '5': {'block': 'C2f', 'repeats': 3, 'ch': 43}, '6': {'block': 'Conv_LSTM', 'ch': 43}, '7': 76, '8': {'block': 'MambaVisionLayer', 'repeats': 3, 'ch': 76, 'hd': 2}, '9': {'block': 'Conv_LSTM', 'ch': 76}, '10': 76, '11': {'block': 'WaveMLPLayer', 'repeats': 1, 'ch': 76}, '12': {'block': 'Conv_LSTM', 'ch': 76}, '13': {'ch': 76}}",508896000.0,795236.0,14.571896,-0.03292437189070596,,,,,[          1],[          1],[          0],[          2]
46,ind_918,/home/silvada/Desktop/Projects2024/Chimera/Chimera_v1_clean/evolve_track_alpha_5m/exp000148/ind_918.yaml,"{'0': 20, '1': 33, '2': {'block': 'C2f', 'repeats': 3, 'ch': 33, 'hd': 3}, '3': {'block': 'Conv_LSTM', 'ch': 33}, '4': 43, '5': {'block': 'C2f', 'repeats': 3, 'ch': 43}, '6': {'block': 'Conv_LSTM', 'ch': 43}, '7': 76, '8': {'block': 'WaveMLPLayer', 'repeats': 1, 'ch': 76}, '9': {'block': 'Conv_LSTM', 'ch': 76}, '10': 76, '11': {'block': 'MaxVitAttentionPairCl', 'repeats': 1, 'ch': 76}, '12': {'block': 'Conv_LSTM', 'ch': 76}, '13': {'ch': 76}}",506346240.0,752876.0,14.571896,-0.041989387836234376,,,,,[          1],[          0],[          1],[          2]
47,ind_998,/home/silvada/Desktop/Projects2024/Chimera/Chimera_v1_clean/evolve_track_alpha_5m/exp000148/ind_998.yaml,"{'0': 20, '1': 35, '2': {'block': 'C2f', 'repeats': 2, 'ch': 35}, '3': {'block': 'Conv_LSTM', 'ch': 35}, '4': 58, '5': {'block': 'C2f', 'repeats': 2, 'ch': 58}, '6': {'block': 'Conv_LSTM', 'ch': 58}, '7': 96, '8': {'block': 'C2f', 'repeats': 1, 'ch': 96, 'hd': 1}, '9': {'block': 'Conv_LSTM', 'ch': 96}, '10': 160, '11': {'block': 'C2f', 'repeats': 2, 'ch': 160}, '12': {'block': 'Conv_LSTM', 'ch': 160}, '13': {'ch': 160}}",492139520.0,1059832.0,14.572196,-0.08867375237190485,,,,,[          0],[          0],[          0],[          4]
48,ind_885,/home/silvada/Desktop/Projects2024/Chimera/Chimera_v1_clean/evolve_track_alpha_5m/exp000148/ind_885.yaml,"{'0': 20, '1': 35, '2': {'block': 'C2f', 'repeats': 3, 'ch': 35, 'hd': 3}, '3': {'block': 'Conv_LSTM', 'ch': 35}, '4': 61, '5': {'block': 'WaveMLPLayer', 'repeats': 3, 'ch': 61}, '6': {'block': 'Conv_LSTM', 'ch': 61}, '7': 66, '8': {'block': 'C2f', 'repeats': 3, 'ch': 66}, '9': {'block': 'Conv_LSTM', 'ch': 66}, '10': 76, '11': {'block': 'WaveMLPLayer', 'repeats': 1, 'ch': 76}, '12': {'block': 'Conv_LSTM', 'ch': 76}, '13': {'ch': 76}}",797389568.0,954588.0,14.486657,-0.09228522283052451,,,,,[          2],[          0],[          0],[          2]
49,ind_1079,/home/silvada/Desktop/Projects2024/Chimera/Chimera_v1_clean/evolve_track_alpha_5m/exp000148/ind_1079.yaml,"{'0': 20, '1': 35, '2': {'block': 'C2f', 'repeats': 3, 'ch': 35, 'hd': 3}, '3': {'block': 'Conv_LSTM', 'ch': 35}, '4': 52, '5': {'block': 'C2f', 'repeats': 1, 'ch': 52}, '6': {'block': 'Conv_LSTM', 'ch': 52}, '7': 66, '8': {'block': 'C2f', 'repeats': 3, 'ch': 66}, '9': {'block': 'Conv_LSTM', 'ch': 66}, '10': 66, '11': {'block': 'WaveMLPLayer', 'repeats': 1, 'ch': 66}, '12': {'block': 'Conv_LSTM', 'ch': 66}, '13': {'ch': 66}}",443436864.0,598034.0,14.58547,-0.09285239242061934,,,,,[          1],[          0],[          0],[          3]
50,ind_1072,/home/silvada/Desktop/Projects2024/Chimera/Chimera_v1_clean/evolve_track_alpha_5m/exp000148/ind_1072.yaml,"{'0': 20, '1': 35, '2': {'block': 'C2f', 'repeats': 2, 'ch': 35}, '3': {'block': 'Conv_LSTM', 'ch': 35}, '4': 70, '5': {'block': 'C2f', 'repeats': 2, 'ch': 70}, '6': {'block': 'Conv_LSTM', 'ch': 70}, '7': 80, '8': {'block': 'MambaVisionLayer', 'repeats': 3, 'ch': 80, 'hd': 2}, '9': {'block': 'Conv_LSTM', 'ch': 80}, '10': 160, '11': {'block': 'C2f', 'repeats': 2, 'ch': 160}, '12': {'block': 'Conv_LSTM', 'ch': 160}, '13': {'ch': 160}}",568355840.0,1167776.0,14.550337,-0.09595805818592507,,,,,[          0],[          1],[          0],[          3]
51,ind_928,/home/silvada/Desktop/Projects2024/Chimera/Chimera_v1_clean/evolve_track_alpha_5m/exp000148/ind_928.yaml,"{'0': 20, '1': 35, '2': {'block': 'C2f', 'repeats': 3, 'ch': 35, 'hd': 3}, '3': {'block': 'Conv_LSTM', 'ch': 35}, '4': 61, '5': {'block': 'WaveMLPLayer', 'repeats': 3, 'ch': 61}, '6': {'block': 'Conv_LSTM', 'ch': 61}, '7': 66, '8': {'block': 'C2f', 'repeats': 3, 'ch': 66}, '9': {'block': 'Conv_LSTM', 'ch': 66}, '10': 76, '11': {'block': 'MaxVitAttentionPairCl', 'repeats': 1, 'ch': 76}, '12': {'block': 'Conv_LSTM', 'ch': 76}, '13': {'ch': 76}}",789395968.0,849608.0,14.486657,-0.12070441187662137,,,,,[          1],[          0],[          1],[          2]
52,ind_1002,/home/silvada/Desktop/Projects2024/Chimera/Chimera_v1_clean/evolve_track_alpha_5m/exp000148/ind_1002.yaml,"{'0': 20, '1': 35, '2': {'block': 'C2f', 'repeats': 3, 'ch': 35, 'hd': 3}, '3': {'block': 'Conv_LSTM', 'ch': 35}, '4': 61, '5': {'block': 'WaveMLPLayer', 'repeats': 3, 'ch': 61}, '6': {'block': 'Conv_LSTM', 'ch': 61}, '7': 66, '8': {'block': 'C2f', 'repeats': 3, 'ch': 66}, '9': {'block': 'Conv_LSTM', 'ch': 66}, '10': 66, '11': {'block': 'WaveMLPLayer', 'repeats': 1, 'ch': 66}, '12': {'block': 'Conv_LSTM', 'ch': 66}, '13': {'ch': 66}}",792121152.0,887522.0,14.48584,-0.12141936042135508,,,,,[          2],[          0],[          0],[          2]
53,ind_1099,/home/silvada/Desktop/Projects2024/Chimera/Chimera_v1_clean/evolve_track_alpha_5m/exp000148/ind_1099.yaml,"{'0': 20, '1': 33, '2': {'block': 'C2f', 'repeats': 3, 'ch': 33, 'hd': 3}, '3': {'block': 'Conv_LSTM', 'ch': 33}, '4': 43, '5': {'block': 'C2f', 'repeats': 3, 'ch': 43}, '6': {'block': 'Conv_LSTM', 'ch': 43}, '7': 76, '8': {'block': 'MaxVitAttentionPairCl', 'repeats': 1, 'ch': 76}, '9': {'block': 'Conv_LSTM', 'ch': 76}, '10': 76, '11': {'block': 'WaveMLPLayer', 'repeats': 1, 'ch': 76}, '12': {'block': 'Conv_LSTM', 'ch': 76}, '13': {'ch': 76}}",482384640.0,752876.0,14.571896,-0.12717869431228448,,,,,[          1],[          0],[          1],[          2]
54,ind_958,/home/silvada/Desktop/Projects2024/Chimera/Chimera_v1_clean/evolve_track_alpha_5m/exp000148/ind_958.yaml,"{'0': 20, '1': 33, '2': {'block': 'C2f', 'repeats': 3, 'ch': 33, 'hd': 3}, '3': {'block': 'Conv_LSTM', 'ch': 33}, '4': 43, '5': {'block': 'C2f', 'repeats': 3, 'ch': 43}, '6': {'block': 'Conv_LSTM', 'ch': 43}, '7': 76, '8': {'block': 'MaxVitAttentionPairCl', 'repeats': 1, 'ch': 76}, '9': {'block': 'Conv_LSTM', 'ch': 76}, '10': 76, '11': {'block': 'WaveMLPLayer', 'repeats': 1, 'ch': 76}, '12': {'block': 'Conv_LSTM', 'ch': 76}, '13': {'ch': 76}}",482384640.0,752876.0,14.571896,-0.12717869431228448,,,,,[          1],[          0],[          1],[          2]
55,ind_522,/home/silvada/Desktop/Projects2024/Chimera/Chimera_v1_clean/evolve_track_alpha_5m/exp000148/ind_522.yaml,"{'0': 20, '1': 35, '2': {'block': 'C2f', 'repeats': 2, 'ch': 35}, '3': {'block': 'Conv_LSTM', 'ch': 35}, '4': 70, '5': {'block': 'C2f', 'repeats': 2, 'ch': 70}, '6': {'block': 'Conv_LSTM', 'ch': 70}, '7': 80, '8': {'block': 'MambaVisionLayer', 'repeats': 2, 'ch': 80, 'hd': 1}, '9': {'block': 'Conv_LSTM', 'ch': 80}, '10': 160, '11': {'block': 'C2f', 'repeats': 2, 'ch': 160}, '12': {'block': 'Conv_LSTM', 'ch': 160}, '13': {'ch': 160}}",543134720.0,1101976.0,14.550337,-0.18562526410494704,,,,,[          0],[          1],[          0],[          3]
56,ind_934,/home/silvada/Desktop/Projects2024/Chimera/Chimera_v1_clean/evolve_track_alpha_5m/exp000148/ind_934.yaml,"{'0': 20, '1': 34, '2': {'block': 'C2f', 'repeats': 2, 'ch': 34}, '3': {'block': 'Conv_LSTM', 'ch': 34}, '4': 68, '5': {'block': 'C2f', 'repeats': 2, 'ch': 68}, '6': {'block': 'Conv_LSTM', 'ch': 68}, '7': 80, '8': {'block': 'MambaVisionLayer', 'repeats': 2, 'ch': 80, 'hd': 1}, '9': {'block': 'Conv_LSTM', 'ch': 80}, '10': 160, '11': {'block': 'C2f', 'repeats': 2, 'ch': 160}, '12': {'block': 'Conv_LSTM', 'ch': 160}, '13': {'ch': 160}}",543134720.0,1101976.0,14.550337,-0.18562526410494704,,,,,[          0],[          1],[          0],[          3]
57,ind_505,/home/silvada/Desktop/Projects2024/Chimera/Chimera_v1_clean/evolve_track_alpha_5m/exp000148/ind_505.yaml,"{'0': 20, '1': 35, '2': {'block': 'C2f', 'repeats': 2, 'ch': 35}, '3': {'block': 'Conv_LSTM', 'ch': 35}, '4': 70, '5': {'block': 'C2f', 'repeats': 2, 'ch': 70}, '6': {'block': 'Conv_LSTM', 'ch': 70}, '7': 80, '8': {'block': 'MambaVisionLayer', 'repeats': 2, 'ch': 80, 'hd': 1}, '9': {'block': 'Conv_LSTM', 'ch': 80}, '10': 160, '11': {'block': 'C2f', 'repeats': 2, 'ch': 160}, '12': {'block': 'Conv_LSTM', 'ch': 160}, '13': {'ch': 160}}",543134720.0,1101976.0,14.550337,-0.18562526410494704,,,,,[          0],[          1],[          0],[          3]
58,ind_1065,/home/silvada/Desktop/Projects2024/Chimera/Chimera_v1_clean/evolve_track_alpha_5m/exp000148/ind_1065.yaml,"{'0': 20, '1': 35, '2': {'block': 'C2f', 'repeats': 2, 'ch': 35}, '3': {'block': 'Conv_LSTM', 'ch': 35}, '4': 70, '5': {'block': 'C2f', 'repeats': 2, 'ch': 70}, '6': {'block': 'Conv_LSTM', 'ch': 70}, '7': 80, '8': {'block': 'MaxVitAttentionPairCl', 'repeats': 2, 'ch': 80, 'hd': 1}, '9': {'block': 'Conv_LSTM', 'ch': 80}, '10': 160, '11': {'block': 'C2f', 'repeats': 2, 'ch': 160}, '12': {'block': 'Conv_LSTM', 'ch': 160}, '13': {'ch': 160}}",541844480.0,1125416.0,14.550337,-0.1902123806075036,,,,,[          0],[          0],[          1],[          3]
59,ind_952,/home/silvada/Desktop/Projects2024/Chimera/Chimera_v1_clean/evolve_track_alpha_5m/exp000148/ind_952.yaml,"{'0': 20, '1': 35, '2': {'block': 'C2f', 'repeats': 3, 'ch': 35, 'hd': 3}, '3': {'block': 'Conv_LSTM', 'ch': 35}, '4': 43, '5': {'block': 'C2f', 'repeats': 3, 'ch': 43}, '6': {'block': 'Conv_LSTM', 'ch': 43}, '7': 76, '8': {'block': 'MambaVisionLayer', 'repeats': 1, 'ch': 76, 'hd': 2}, '9': {'block': 'Conv_LSTM', 'ch': 76}, '10': 76, '11': {'block': 'WaveMLPLayer', 'repeats': 1, 'ch': 76}, '12': {'block': 'Conv_LSTM', 'ch': 76}, '13': {'ch': 76}}",458453760.0,663636.0,14.571896,-0.2122587837287499,,,,,[          1],[          1],[          0],[          2]
60,ind_1023,/home/silvada/Desktop/Projects2024/Chimera/Chimera_v1_clean/evolve_track_alpha_5m/exp000148/ind_1023.yaml,"{'0': 20, '1': 35, '2': {'block': 'C2f', 'repeats': 3, 'ch': 35, 'hd': 3}, '3': {'block': 'Conv_LSTM', 'ch': 35}, '4': 46, '5': {'block': 'C2f', 'repeats': 3, 'ch': 46}, '6': {'block': 'Conv_LSTM', 'ch': 46}, '7': 76, '8': {'block': 'MambaVisionLayer', 'repeats': 1, 'ch': 76, 'hd': 2}, '9': {'block': 'Conv_LSTM', 'ch': 76}, '10': 76, '11': {'block': 'WaveMLPLayer', 'repeats': 1, 'ch': 76}, '12': {'block': 'Conv_LSTM', 'ch': 76}, '13': {'ch': 76}}",458453760.0,663636.0,14.571896,-0.2122587837287499,,,,,[          1],[          1],[          0],[          2]
61,ind_910,/home/silvada/Desktop/Projects2024/Chimera/Chimera_v1_clean/evolve_track_alpha_5m/exp000148/ind_910.yaml,"{'0': 20, '1': 34, '2': {'block': 'C2f', 'repeats': 3, 'ch': 34}, '3': {'block': 'Conv_LSTM', 'ch': 34}, '4': 68, '5': {'block': 'WaveMLPLayer', 'repeats': 3, 'ch': 68}, '6': {'block': 'Conv_LSTM', 'ch': 68}, '7': 68, '8': {'block': 'MambaVisionLayer', 'repeats': 2, 'ch': 68, 'hd': 1}, '9': {'block': 'Conv_LSTM', 'ch': 68}, '10': 80, '11': {'block': 'C2f', 'repeats': 2, 'ch': 80}, '12': {'block': 'Conv_LSTM', 'ch': 80}, '13': {'ch': 80}}",906897088.0,884214.0,14.44525,-0.23004880231022398,,,,,[          1],[          1],[          0],[          2]
62,ind_1019,/home/silvada/Desktop/Projects2024/Chimera/Chimera_v1_clean/evolve_track_alpha_5m/exp000148/ind_1019.yaml,"{'0': 20, '1': 35, '2': {'block': 'C2f', 'repeats': 3, 'ch': 35, 'hd': 3}, '3': {'block': 'Conv_LSTM', 'ch': 35}, '4': 61, '5': {'block': 'WaveMLPLayer', 'repeats': 3, 'ch': 61}, '6': {'block': 'Conv_LSTM', 'ch': 61}, '7': 61, '8': {'block': 'C2f', 'repeats': 3, 'ch': 61}, '9': {'block': 'Conv_LSTM', 'ch': 61}, '10': 76, '11': {'block': 'WaveMLPLayer', 'repeats': 1, 'ch': 76}, '12': {'block': 'Conv_LSTM', 'ch': 76}, '13': {'ch': 76}}",786688768.0,916892.0,14.478776,-0.2306508409402658,,,,,[          2],[          0],[          0],[          2]
63,ind_1055,/home/silvada/Desktop/Projects2024/Chimera/Chimera_v1_clean/evolve_track_alpha_5m/exp000148/ind_1055.yaml,"{'0': 20, '1': 35, '2': {'block': 'C2f', 'repeats': 3, 'ch': 35, 'hd': 3}, '3': {'block': 'Conv_LSTM', 'ch': 35}, '4': 46, '5': {'block': 'C2f', 'repeats': 3, 'ch': 46}, '6': {'block': 'Conv_LSTM', 'ch': 46}, '7': 76, '8': {'block': 'MambaVisionLayer', 'repeats': 1, 'ch': 76, 'hd': 2}, '9': {'block': 'Conv_LSTM', 'ch': 76}, '10': 76, '11': {'block': 'MaxVitAttentionPairCl', 'repeats': 1, 'ch': 76}, '12': {'block': 'Conv_LSTM', 'ch': 76}, '13': {'ch': 76}}",450460160.0,558656.0,14.571896,-0.24067797277484676,,,,,[          0],[          1],[          1],[          2]
64,ind_1060,/home/silvada/Desktop/Projects2024/Chimera/Chimera_v1_clean/evolve_track_alpha_5m/exp000148/ind_1060.yaml,"{'0': 20, '1': 35, '2': {'block': 'C2f', 'repeats': 3, 'ch': 35, 'hd': 3}, '3': {'block': 'Conv_LSTM', 'ch': 35}, '4': 46, '5': {'block': 'C2f', 'repeats': 3, 'ch': 46}, '6': {'block': 'Conv_LSTM', 'ch': 46}, '7': 69, '8': {'block': 'MambaVisionLayer', 'repeats': 1, 'ch': 69, 'hd': 2}, '9': {'block': 'Conv_LSTM', 'ch': 69}, '10': 76, '11': {'block': 'WaveMLPLayer', 'repeats': 1, 'ch': 76}, '12': {'block': 'Conv_LSTM', 'ch': 76}, '13': {'ch': 76}}",449029888.0,632304.0,14.570693,-0.2610709758889641,,,,,[          1],[          1],[          0],[          2]
65,ind_1051,/home/silvada/Desktop/Projects2024/Chimera/Chimera_v1_clean/evolve_track_alpha_5m/exp000148/ind_1051.yaml,"{'0': 20, '1': 35, '2': {'block': 'C2f', 'repeats': 2, 'ch': 35}, '3': {'block': 'Conv_LSTM', 'ch': 35}, '4': 70, '5': {'block': 'C2f', 'repeats': 2, 'ch': 70}, '6': {'block': 'Conv_LSTM', 'ch': 70}, '7': 80, '8': {'block': 'MambaVisionLayer', 'repeats': 2, 'ch': 80, 'hd': 1}, '9': {'block': 'Conv_LSTM', 'ch': 80}, '10': 140, '11': {'block': 'C2f', 'repeats': 2, 'ch': 140}, '12': {'block': 'Conv_LSTM', 'ch': 140}, '13': {'ch': 140}}",533424640.0,980744.0,14.546339,-0.27103617035376787,,,,,[          0],[          1],[          0],[          3]
66,ind_846,/home/silvada/Desktop/Projects2024/Chimera/Chimera_v1_clean/evolve_track_alpha_5m/exp000148/ind_846.yaml,"{'0': 20, '1': 35, '2': {'block': 'C2f', 'repeats': 2, 'ch': 35}, '3': {'block': 'Conv_LSTM', 'ch': 35}, '4': 58, '5': {'block': 'C2f', 'repeats': 2, 'ch': 58}, '6': {'block': 'Conv_LSTM', 'ch': 58}, '7': 76, '8': {'block': 'C2f', 'repeats': 1, 'ch': 76, 'hd': 1}, '9': {'block': 'Conv_LSTM', 'ch': 76}, '10': 160, '11': {'block': 'C2f', 'repeats': 2, 'ch': 160}, '12': {'block': 'Conv_LSTM', 'ch': 160}, '13': {'ch': 160}}",473748480.0,985144.0,14.56254,-0.2769718414582085,,,,,[          0],[          0],[          0],[          4]
67,ind_1064,/home/silvada/Desktop/Projects2024/Chimera/Chimera_v1_clean/evolve_track_alpha_5m/exp000148/ind_1064.yaml,"{'0': 20, '1': 35, '2': {'block': 'C2f', 'repeats': 3, 'ch': 35, 'hd': 3}, '3': {'block': 'Conv_LSTM', 'ch': 35}, '4': 61, '5': {'block': 'WaveMLPLayer', 'repeats': 3, 'ch': 61}, '6': {'block': 'Conv_LSTM', 'ch': 61}, '7': 61, '8': {'block': 'C2f', 'repeats': 3, 'ch': 61}, '9': {'block': 'Conv_LSTM', 'ch': 61}, '10': 61, '11': {'block': 'WaveMLPLayer', 'repeats': 1, 'ch': 61}, '12': {'block': 'Conv_LSTM', 'ch': 61}, '13': {'ch': 61}}",776751104.0,790376.0,14.477126,-0.2869831620301597,,,,,[          2],[          0],[          0],[          2]
68,ind_1087,/home/silvada/Desktop/Projects2024/Chimera/Chimera_v1_clean/evolve_track_alpha_5m/exp000148/ind_1087.yaml,"{'0': 20, '1': 35, '2': {'block': 'C2f', 'repeats': 3, 'ch': 35, 'hd': 3}, '3': {'block': 'Conv_LSTM', 'ch': 35}, '4': 46, '5': {'block': 'C2f', 'repeats': 3, 'ch': 46}, '6': {'block': 'Conv_LSTM', 'ch': 46}, '7': 69, '8': {'block': 'MambaVisionLayer', 'repeats': 1, 'ch': 69, 'hd': 2}, '9': {'block': 'Conv_LSTM', 'ch': 69}, '10': 76, '11': {'block': 'MaxVitAttentionPairCl', 'repeats': 1, 'ch': 76}, '12': {'block': 'Conv_LSTM', 'ch': 76}, '13': {'ch': 76}}",441036288.0,527324.0,14.570693,-0.28949016493506097,,,,,[          0],[          1],[          1],[          2]
69,ind_1046,/home/silvada/Desktop/Projects2024/Chimera/Chimera_v1_clean/evolve_track_alpha_5m/exp000148/ind_1046.yaml,"{'0': 20, '1': 34, '2': {'block': 'C2f', 'repeats': 2, 'ch': 34}, '3': {'block': 'Conv_LSTM', 'ch': 34}, '4': 59, '5': {'block': 'C2f', 'repeats': 2, 'ch': 59}, '6': {'block': 'Conv_LSTM', 'ch': 59}, '7': 80, '8': {'block': 'C2f', 'repeats': 2, 'ch': 80, 'hd': 1}, '9': {'block': 'Conv_LSTM', 'ch': 80}, '10': 120, '11': {'block': 'C2f', 'repeats': 2, 'ch': 120}, '12': {'block': 'Conv_LSTM', 'ch': 120}, '13': {'ch': 120}}",461543680.0,735824.0,14.564811,-0.29145847535567454,,,,,[          0],[          0],[          0],[          4]
70,ind_738,/home/silvada/Desktop/Projects2024/Chimera/Chimera_v1_clean/evolve_track_alpha_5m/exp000148/ind_738.yaml,"{'0': 20, '1': 34, '2': {'block': 'C2f', 'repeats': 2, 'ch': 34}, '3': {'block': 'Conv_LSTM', 'ch': 34}, '4': 68, '5': {'block': 'C2f', 'repeats': 2, 'ch': 68}, '6': {'block': 'Conv_LSTM', 'ch': 68}, '7': 80, '8': {'block': 'MambaVisionLayer', 'repeats': 2, 'ch': 80, 'hd': 1}, '9': {'block': 'Conv_LSTM', 'ch': 80}, '10': 132, '11': {'block': 'C2f', 'repeats': 2, 'ch': 132}, '12': {'block': 'Conv_LSTM', 'ch': 132}, '13': {'ch': 132}}",528915200.0,924448.0,14.544333,-0.3125979087758824,,,,,[          0],[          1],[          0],[          3]
71,ind_993,/home/silvada/Desktop/Projects2024/Chimera/Chimera_v1_clean/evolve_track_alpha_5m/exp000148/ind_993.yaml,"{'0': 20, '1': 33, '2': {'block': 'C2f', 'repeats': 2, 'ch': 33}, '3': {'block': 'Conv_LSTM', 'ch': 33}, '4': 52, '5': {'block': 'C2f', 'repeats': 3, 'ch': 52}, '6': {'block': 'Conv_LSTM', 'ch': 52}, '7': 80, '8': {'block': 'C2f', 'repeats': 1, 'ch': 80, 'hd': 1}, '9': {'block': 'Conv_LSTM', 'ch': 80}, '10': 132, '11': {'block': 'C2f', 'repeats': 2, 'ch': 132}, '12': {'block': 'Conv_LSTM', 'ch': 132}, '13': {'ch': 132}}",449575680.0,795456.0,14.566322,-0.31476635140264053,,,,,[          0],[          0],[          0],[          4]
72,ind_1018,/home/silvada/Desktop/Projects2024/Chimera/Chimera_v1_clean/evolve_track_alpha_5m/exp000148/ind_1018.yaml,"{'0': 20, '1': 35, '2': {'block': 'C2f', 'repeats': 2, 'ch': 35}, '3': {'block': 'Conv_LSTM', 'ch': 35}, '4': 52, '5': {'block': 'C2f', 'repeats': 3, 'ch': 52}, '6': {'block': 'Conv_LSTM', 'ch': 52}, '7': 80, '8': {'block': 'C2f', 'repeats': 2, 'ch': 80, 'hd': 1}, '9': {'block': 'Conv_LSTM', 'ch': 80}, '10': 80, '11': {'block': 'C2f', 'repeats': 2, 'ch': 80}, '12': {'block': 'Conv_LSTM', 'ch': 80}, '13': {'ch': 80}}",434803200.0,514184.0,14.56466,-0.38844543222032396,,,,,[          0],[          0],[          0],[          4]
73,ind_961,/home/silvada/Desktop/Projects2024/Chimera/Chimera_v1_clean/evolve_track_alpha_5m/exp000148/ind_961.yaml,"{'0': 20, '1': 35, '2': {'block': 'C2f', 'repeats': 3, 'ch': 35}, '3': {'block': 'Conv_LSTM', 'ch': 35}, '4': 46, '5': {'block': 'C2f', 'repeats': 2, 'ch': 46}, '6': {'block': 'Conv_LSTM', 'ch': 46}, '7': 80, '8': {'block': 'MambaVisionLayer', 'repeats': 2, 'ch': 80, 'hd': 1}, '9': {'block': 'Conv_LSTM', 'ch': 80}, '10': 80, '11': {'block': 'C2f', 'repeats': 3, 'ch': 80}, '12': {'block': 'Conv_LSTM', 'ch': 80}, '13': {'ch': 80}}",457233920.0,567400.0,14.5579815,-0.39371241271970114,,,,,[          0],[          1],[          0],[          3]
74,ind_1095,/home/silvada/Desktop/Projects2024/Chimera/Chimera_v1_clean/evolve_track_alpha_5m/exp000148/ind_1095.yaml,"{'0': 20, '1': 35, '2': {'block': 'C2f', 'repeats': 3, 'ch': 35, 'hd': 3}, '3': {'block': 'Conv_LSTM', 'ch': 35}, '4': 52, '5': {'block': 'WaveMLPLayer', 'repeats': 3, 'ch': 52}, '6': {'block': 'Conv_LSTM', 'ch': 52}, '7': 66, '8': {'block': 'C2f', 'repeats': 3, 'ch': 66}, '9': {'block': 'Conv_LSTM', 'ch': 66}, '10': 99, '11': {'block': 'WaveMLPLayer', 'repeats': 1, 'ch': 99}, '12': {'block': 'Conv_LSTM', 'ch': 99}, '13': {'ch': 99}}",717295104.0,1110420.0,14.483873,-0.41247599120974837,,,,,[          2],[          0],[          0],[          2]
75,ind_607,/home/silvada/Desktop/Projects2024/Chimera/Chimera_v1_clean/evolve_track_alpha_5m/exp000148/ind_607.yaml,"{'0': 20, '1': 35, '2': {'block': 'C2f', 'repeats': 3, 'ch': 35}, '3': {'block': 'Conv_LSTM', 'ch': 35}, '4': 46, '5': {'block': 'C2f', 'repeats': 2, 'ch': 46}, '6': {'block': 'Conv_LSTM', 'ch': 46}, '7': 80, '8': {'block': 'MambaVisionLayer', 'repeats': 2, 'ch': 80, 'hd': 1}, '9': {'block': 'Conv_LSTM', 'ch': 80}, '10': 80, '11': {'block': 'C2f', 'repeats': 2, 'ch': 80}, '12': {'block': 'Conv_LSTM', 'ch': 80}, '13': {'ch': 80}}",454648320.0,535240.0,14.554931,-0.4417394372085788,,,,,[          0],[          1],[          0],[          3]
76,ind_1063,/home/silvada/Desktop/Projects2024/Chimera/Chimera_v1_clean/evolve_track_alpha_5m/exp000148/ind_1063.yaml,"{'0': 20, '1': 34, '2': {'block': 'C2f', 'repeats': 2, 'ch': 34}, '3': {'block': 'Conv_LSTM', 'ch': 34}, '4': 68, '5': {'block': 'C2f', 'repeats': 2, 'ch': 68}, '6': {'block': 'Conv_LSTM', 'ch': 68}, '7': 68, '8': {'block': 'MambaVisionLayer', 'repeats': 1, 'ch': 68, 'hd': 3}, '9': {'block': 'Conv_LSTM', 'ch': 68}, '10': 136, '11': {'block': 'C2f', 'repeats': 2, 'ch': 136}, '12': {'block': 'Conv_LSTM', 'ch': 136}, '13': {'ch': 136}}",493394688.0,821556.0,14.5430975,-0.45461487914344056,,,,,[          0],[          1],[          0],[          3]
77,ind_1032,/home/silvada/Desktop/Projects2024/Chimera/Chimera_v1_clean/evolve_track_alpha_5m/exp000148/ind_1032.yaml,"{'0': 20, '1': 35, '2': {'block': 'C2f', 'repeats': 2, 'ch': 35}, '3': {'block': 'Conv_LSTM', 'ch': 35}, '4': 58, '5': {'block': 'C2f', 'repeats': 2, 'ch': 58}, '6': {'block': 'Conv_LSTM', 'ch': 58}, '7': 96, '8': {'block': 'MaxVitAttentionPairCl', 'repeats': 2, 'ch': 96, 'hd': 1}, '9': {'block': 'Conv_LSTM', 'ch': 96}, '10': 160, '11': {'block': 'C2f', 'repeats': 2, 'ch': 160}, '12': {'block': 'Conv_LSTM', 'ch': 160}, '13': {'ch': 160}}",541905920.0,1217656.0,14.527989,-0.4744612536508368,,,,,[          0],[          0],[          1],[          3]
78,ind_1070,/home/silvada/Desktop/Projects2024/Chimera/Chimera_v1_clean/evolve_track_alpha_5m/exp000148/ind_1070.yaml,"{'0': 20, '1': 35, '2': {'block': 'C2f', 'repeats': 3, 'ch': 35, 'hd': 3}, '3': {'block': 'Conv_LSTM', 'ch': 35}, '4': 52, '5': {'block': 'WaveMLPLayer', 'repeats': 3, 'ch': 52}, '6': {'block': 'Conv_LSTM', 'ch': 52}, '7': 66, '8': {'block': 'C2f', 'repeats': 3, 'ch': 66}, '9': {'block': 'Conv_LSTM', 'ch': 66}, '10': 87, '11': {'block': 'WaveMLPLayer', 'repeats': 1, 'ch': 87}, '12': {'block': 'Conv_LSTM', 'ch': 87}, '13': {'ch': 87}}",704223232.0,943968.0,14.482232,-0.4798419263805854,,,,,[          2],[          0],[          0],[          2]
79,ind_813,/home/silvada/Desktop/Projects2024/Chimera/Chimera_v1_clean/evolve_track_alpha_5m/exp000148/ind_813.yaml,"{'0': 20, '1': 35, '2': {'block': 'C2f', 'repeats': 2, 'ch': 35}, '3': {'block': 'Conv_LSTM', 'ch': 35}, '4': 58, '5': {'block': 'C2f', 'repeats': 3, 'ch': 58}, '6': {'block': 'Conv_LSTM', 'ch': 58}, '7': 65, '8': {'block': 'MambaVisionLayer', 'repeats': 2, 'ch': 65, 'hd': 1}, '9': {'block': 'Conv_LSTM', 'ch': 65}, '10': 80, '11': {'block': 'C2f', 'repeats': 2, 'ch': 80}, '12': {'block': 'Conv_LSTM', 'ch': 80}, '13': {'ch': 80}}",482228736.0,556288.0,14.54387,-0.4844794717894533,,,,,[          0],[          1],[          0],[          3]
80,ind_888,/home/silvada/Desktop/Projects2024/Chimera/Chimera_v1_clean/evolve_track_alpha_5m/exp000148/ind_888.yaml,"{'0': 20, '1': 35, '2': {'block': 'C2f', 'repeats': 2, 'ch': 35}, '3': {'block': 'Conv_LSTM', 'ch': 35}, '4': 52, '5': {'block': 'C2f', 'repeats': 3, 'ch': 52}, '6': {'block': 'Conv_LSTM', 'ch': 52}, '7': 80, '8': {'block': 'WaveMLPLayer', 'repeats': 3, 'ch': 80, 'hd': 1}, '9': {'block': 'Conv_LSTM', 'ch': 80}, '10': 100, '11': {'block': 'C2f', 'repeats': 2, 'ch': 100}, '12': {'block': 'Conv_LSTM', 'ch': 100}, '13': {'ch': 100}}",559915520.0,1013372.0,14.521218,-0.4966239307586441,,,,,[          1],[          0],[          0],[          3]
81,ind_992,/home/silvada/Desktop/Projects2024/Chimera/Chimera_v1_clean/evolve_track_alpha_5m/exp000148/ind_992.yaml,"{'0': 20, '1': 34, '2': {'block': 'C2f', 'repeats': 3, 'ch': 34}, '3': {'block': 'Conv_LSTM', 'ch': 34}, '4': 68, '5': {'block': 'WaveMLPLayer', 'repeats': 2, 'ch': 68}, '6': {'block': 'Conv_LSTM', 'ch': 68}, '7': 68, '8': {'block': 'MambaVisionLayer', 'repeats': 2, 'ch': 68, 'hd': 1}, '9': {'block': 'Conv_LSTM', 'ch': 68}, '10': 90, '11': {'block': 'C2f', 'repeats': 2, 'ch': 90}, '12': {'block': 'Conv_LSTM', 'ch': 90}, '13': {'ch': 90}}",815871104.0,877052.0,14.449672,-0.49737694167207014,,,,,[          1],[          1],[          0],[          2]
82,ind_842,/home/silvada/Desktop/Projects2024/Chimera/Chimera_v1_clean/evolve_track_alpha_5m/exp000148/ind_842.yaml,"{'0': 20, '1': 35, '2': {'block': 'C2f', 'repeats': 3, 'ch': 35, 'hd': 3}, '3': {'block': 'Conv_LSTM', 'ch': 35}, '4': 52, '5': {'block': 'WaveMLPLayer', 'repeats': 3, 'ch': 52}, '6': {'block': 'Conv_LSTM', 'ch': 52}, '7': 66, '8': {'block': 'C2f', 'repeats': 3, 'ch': 66}, '9': {'block': 'Conv_LSTM', 'ch': 66}, '10': 76, '11': {'block': 'WaveMLPLayer', 'repeats': 1, 'ch': 76}, '12': {'block': 'Conv_LSTM', 'ch': 76}, '13': {'ch': 76}}",698447808.0,870438.0,14.48141,-0.5108392985385247,,,,,[          2],[          0],[          0],[          2]
83,ind_989,/home/silvada/Desktop/Projects2024/Chimera/Chimera_v1_clean/evolve_track_alpha_5m/exp000148/ind_989.yaml,"{'0': 20, '1': 33, '2': {'block': 'C2f', 'repeats': 2, 'ch': 33}, '3': {'block': 'Conv_LSTM', 'ch': 33}, '4': 68, '5': {'block': 'C2f', 'repeats': 2, 'ch': 68}, '6': {'block': 'Conv_LSTM', 'ch': 68}, '7': 68, '8': {'block': 'MambaVisionLayer', 'repeats': 2, 'ch': 68, 'hd': 1}, '9': {'block': 'Conv_LSTM', 'ch': 68}, '10': 102, '11': {'block': 'C2f', 'repeats': 2, 'ch': 102}, '12': {'block': 'Conv_LSTM', 'ch': 102}, '13': {'ch': 102}}",498332416.0,680936.0,14.535027,-0.5397975136998907,,,,,[          0],[          1],[          0],[          3]
84,ind_983,/home/silvada/Desktop/Projects2024/Chimera/Chimera_v1_clean/evolve_track_alpha_5m/exp000148/ind_983.yaml,"{'0': 20, '1': 34, '2': {'block': 'C2f', 'repeats': 2, 'ch': 34}, '3': {'block': 'Conv_LSTM', 'ch': 34}, '4': 68, '5': {'block': 'C2f', 'repeats': 2, 'ch': 68}, '6': {'block': 'Conv_LSTM', 'ch': 68}, '7': 68, '8': {'block': 'MambaVisionLayer', 'repeats': 2, 'ch': 68, 'hd': 1}, '9': {'block': 'Conv_LSTM', 'ch': 68}, '10': 102, '11': {'block': 'C2f', 'repeats': 2, 'ch': 102}, '12': {'block': 'Conv_LSTM', 'ch': 102}, '13': {'ch': 102}}",498332416.0,680936.0,14.535027,-0.5397975136998907,,,,,[          0],[          1],[          0],[          3]
85,ind_931,/home/silvada/Desktop/Projects2024/Chimera/Chimera_v1_clean/evolve_track_alpha_5m/exp000148/ind_931.yaml,"{'0': 20, '1': 35, '2': {'block': 'C2f', 'repeats': 3, 'ch': 35, 'hd': 3}, '3': {'block': 'Conv_LSTM', 'ch': 35}, '4': 52, '5': {'block': 'WaveMLPLayer', 'repeats': 3, 'ch': 52}, '6': {'block': 'Conv_LSTM', 'ch': 52}, '7': 66, '8': {'block': 'C2f', 'repeats': 3, 'ch': 66}, '9': {'block': 'Conv_LSTM', 'ch': 66}, '10': 66, '11': {'block': 'WaveMLPLayer', 'repeats': 1, 'ch': 66}, '12': {'block': 'Conv_LSTM', 'ch': 66}, '13': {'ch': 66}}",693179392.0,803372.0,14.480587,-0.5400462737448112,,,,,[          2],[          0],[          0],[          2]
86,ind_1028,/home/silvada/Desktop/Projects2024/Chimera/Chimera_v1_clean/evolve_track_alpha_5m/exp000148/ind_1028.yaml,"{'0': 20, '1': 35, '2': {'block': 'C2f', 'repeats': 3, 'ch': 35, 'hd': 3}, '3': {'block': 'Conv_LSTM', 'ch': 35}, '4': 52, '5': {'block': 'WaveMLPLayer', 'repeats': 3, 'ch': 52}, '6': {'block': 'Conv_LSTM', 'ch': 52}, '7': 66, '8': {'block': 'C2f', 'repeats': 3, 'ch': 66}, '9': {'block': 'Conv_LSTM', 'ch': 66}, '10': 66, '11': {'block': 'WaveMLPLayer', 'repeats': 1, 'ch': 66}, '12': {'block': 'Conv_LSTM', 'ch': 66}, '13': {'ch': 66}}",693179392.0,803372.0,14.480587,-0.5400462737448112,,,,,[          2],[          0],[          0],[          2]
87,ind_1014,/home/silvada/Desktop/Projects2024/Chimera/Chimera_v1_clean/evolve_track_alpha_5m/exp000148/ind_1014.yaml,"{'0': 20, '1': 35, '2': {'block': 'C2f', 'repeats': 2, 'ch': 35}, '3': {'block': 'Conv_LSTM', 'ch': 35}, '4': 52, '5': {'block': 'C2f', 'repeats': 3, 'ch': 52}, '6': {'block': 'Conv_LSTM', 'ch': 52}, '7': 80, '8': {'block': 'C2f', 'repeats': 1, 'ch': 80, 'hd': 1}, '9': {'block': 'Conv_LSTM', 'ch': 80}, '10': 80, '11': {'block': 'C2f', 'repeats': 2, 'ch': 80}, '12': {'block': 'Conv_LSTM', 'ch': 80}, '13': {'ch': 80}}",424460800.0,482024.0,14.552484,-0.5802136213037075,,,,,[          0],[          0],[          0],[          4]
88,ind_974,/home/silvada/Desktop/Projects2024/Chimera/Chimera_v1_clean/evolve_track_alpha_5m/exp000148/ind_974.yaml,"{'0': 20, '1': 33, '2': {'block': 'C2f', 'repeats': 2, 'ch': 33}, '3': {'block': 'Conv_LSTM', 'ch': 33}, '4': 52, '5': {'block': 'C2f', 'repeats': 3, 'ch': 52}, '6': {'block': 'Conv_LSTM', 'ch': 52}, '7': 80, '8': {'block': 'C2f', 'repeats': 1, 'ch': 80, 'hd': 1}, '9': {'block': 'Conv_LSTM', 'ch': 80}, '10': 80, '11': {'block': 'C2f', 'repeats': 2, 'ch': 80}, '12': {'block': 'Conv_LSTM', 'ch': 80}, '13': {'ch': 80}}",424460800.0,482024.0,14.552484,-0.5802136213037075,,,,,[          0],[          0],[          0],[          4]
89,ind_614,/home/silvada/Desktop/Projects2024/Chimera/Chimera_v1_clean/evolve_track_alpha_5m/exp000148/ind_614.yaml,"{'0': 20, '1': 34, '2': {'block': 'C2f', 'repeats': 2, 'ch': 34}, '3': {'block': 'Conv_LSTM', 'ch': 34}, '4': 68, '5': {'block': 'C2f', 'repeats': 2, 'ch': 68}, '6': {'block': 'Conv_LSTM', 'ch': 68}, '7': 80, '8': {'block': 'MambaVisionLayer', 'repeats': 2, 'ch': 80, 'hd': 1}, '9': {'block': 'Conv_LSTM', 'ch': 80}, '10': 80, '11': {'block': 'C2f', 'repeats': 2, 'ch': 80}, '12': {'block': 'Conv_LSTM', 'ch': 80}, '13': {'ch': 80}}",503800320.0,611016.0,14.530185,-0.5819905495141368,,,,,[          0],[          1],[          0],[          3]
90,ind_973,/home/silvada/Desktop/Projects2024/Chimera/Chimera_v1_clean/evolve_track_alpha_5m/exp000148/ind_973.yaml,"{'0': 20, '1': 34, '2': {'block': 'C2f', 'repeats': 2, 'ch': 34}, '3': {'block': 'Conv_LSTM', 'ch': 34}, '4': 59, '5': {'block': 'C2f', 'repeats': 2, 'ch': 59}, '6': {'block': 'Conv_LSTM', 'ch': 59}, '7': 103, '8': {'block': 'MambaVisionLayer', 'repeats': 2, 'ch': 103, 'hd': 1}, '9': {'block': 'Conv_LSTM', 'ch': 103}, '10': 120, '11': {'block': 'C2f', 'repeats': 2, 'ch': 120}, '12': {'block': 'Conv_LSTM', 'ch': 120}, '13': {'ch': 120}}",539294976.0,955016.0,14.519004,-0.5981231290440794,,,,,[          0],[          1],[          0],[          3]
91,ind_791,/home/silvada/Desktop/Projects2024/Chimera/Chimera_v1_clean/evolve_track_alpha_5m/exp000148/ind_791.yaml,"{'0': 20, '1': 35, '2': {'block': 'C2f', 'repeats': 2, 'ch': 35}, '3': {'block': 'Conv_LSTM', 'ch': 35}, '4': 52, '5': {'block': 'C2f', 'repeats': 3, 'ch': 52}, '6': {'block': 'Conv_LSTM', 'ch': 52}, '7': 80, '8': {'block': 'WaveMLPLayer', 'repeats': 3, 'ch': 80, 'hd': 1}, '9': {'block': 'Conv_LSTM', 'ch': 80}, '10': 80, '11': {'block': 'C2f', 'repeats': 2, 'ch': 80}, '12': {'block': 'Conv_LSTM', 'ch': 80}, '13': {'ch': 80}}",550534400.0,896324.0,14.515038,-0.6086528546241211,,,,,[          1],[          0],[          0],[          3]
92,ind_953,/home/silvada/Desktop/Projects2024/Chimera/Chimera_v1_clean/evolve_track_alpha_5m/exp000148/ind_953.yaml,"{'0': 20, '1': 33, '2': {'block': 'C2f', 'repeats': 2, 'ch': 33}, '3': {'block': 'Conv_LSTM', 'ch': 33}, '4': 52, '5': {'block': 'C2f', 'repeats': 3, 'ch': 52}, '6': {'block': 'Conv_LSTM', 'ch': 52}, '7': 80, '8': {'block': 'WaveMLPLayer', 'repeats': 3, 'ch': 80, 'hd': 1}, '9': {'block': 'Conv_LSTM', 'ch': 80}, '10': 80, '11': {'block': 'C2f', 'repeats': 2, 'ch': 80}, '12': {'block': 'Conv_LSTM', 'ch': 80}, '13': {'ch': 80}}",550534400.0,896324.0,14.515038,-0.6086528546241211,,,,,[          1],[          0],[          0],[          3]
93,ind_1050,/home/silvada/Desktop/Projects2024/Chimera/Chimera_v1_clean/evolve_track_alpha_5m/exp000148/ind_1050.yaml,"{'0': 20, '1': 34, '2': {'block': 'C2f', 'repeats': 2, 'ch': 34}, '3': {'block': 'Conv_LSTM', 'ch': 34}, '4': 68, '5': {'block': 'C2f', 'repeats': 2, 'ch': 68}, '6': {'block': 'Conv_LSTM', 'ch': 68}, '7': 68, '8': {'block': 'MambaVisionLayer', 'repeats': 1, 'ch': 68, 'hd': 3}, '9': {'block': 'Conv_LSTM', 'ch': 68}, '10': 102, '11': {'block': 'C2f', 'repeats': 2, 'ch': 102}, '12': {'block': 'Conv_LSTM', 'ch': 102}, '13': {'ch': 102}}",477845248.0,627476.0,14.535027,-0.6126343707369136,,,,,[          0],[          1],[          0],[          3]
94,ind_1056,/home/silvada/Desktop/Projects2024/Chimera/Chimera_v1_clean/evolve_track_alpha_5m/exp000148/ind_1056.yaml,"{'0': 16, '1': 32, '2': {'block': 'C2f', 'repeats': 3, 'ch': 32}, '3': {'block': 'Conv_LSTM', 'ch': 32}, '4': 64, '5': {'block': 'C2f', 'repeats': 3, 'ch': 64}, '6': {'block': 'Conv_LSTM', 'ch': 64}, '7': 92, '8': {'block': 'C2f', 'repeats': 3, 'ch': 92}, '9': {'block': 'Conv_LSTM', 'ch': 92}, '10': 184, '11': {'block': 'MaxVitAttentionPairCl', 'ch': 184}, '12': {'block': 'Conv_LSTM', 'ch': 184}, '13': {'ch': 184}}",529752320.0,1772536.0,14.52027,-0.615928196098857,,,,,[          0],[          0],[          1],[          3]
95,ind_1030,/home/silvada/Desktop/Projects2024/Chimera/Chimera_v1_clean/evolve_track_alpha_5m/exp000148/ind_1030.yaml,"{'0': 20, '1': 34, '2': {'block': 'C2f', 'repeats': 2, 'ch': 34}, '3': {'block': 'Conv_LSTM', 'ch': 34}, '4': 68, '5': {'block': 'C2f', 'repeats': 2, 'ch': 68}, '6': {'block': 'Conv_LSTM', 'ch': 68}, '7': 68, '8': {'block': 'MambaVisionLayer', 'repeats': 2, 'ch': 68, 'hd': 1}, '9': {'block': 'Conv_LSTM', 'ch': 68}, '10': 102, '11': {'block': 'WaveMLPLayer', 'repeats': 2, 'ch': 102}, '12': {'block': 'Conv_LSTM', 'ch': 102}, '13': {'ch': 102}}",534462848.0,1155332.0,14.518687,-0.619332865500887,,,,,[          1],[          1],[          0],[          2]
96,ind_955,/home/silvada/Desktop/Projects2024/Chimera/Chimera_v1_clean/evolve_track_alpha_5m/exp000148/ind_955.yaml,"{'0': 20, '1': 35, '2': {'block': 'C2f', 'repeats': 2, 'ch': 35}, '3': {'block': 'Conv_LSTM', 'ch': 35}, '4': 58, '5': {'block': 'C2f', 'repeats': 2, 'ch': 58}, '6': {'block': 'Conv_LSTM', 'ch': 58}, '7': 80, '8': {'block': 'MambaVisionLayer', 'repeats': 2, 'ch': 80, 'hd': 1}, '9': {'block': 'Conv_LSTM', 'ch': 80}, '10': 160, '11': {'block': 'C2f', 'repeats': 2, 'ch': 160}, '12': {'block': 'Conv_LSTM', 'ch': 160}, '13': {'ch': 160}}",509547520.0,1071464.0,14.5254755,-0.6215032154702669,,,,,[          0],[          1],[          0],[          3]
97,ind_627,/home/silvada/Desktop/Projects2024/Chimera/Chimera_v1_clean/evolve_track_alpha_5m/exp000148/ind_627.yaml,"{'0': 20, '1': 35, '2': {'block': 'C2f', 'repeats': 2, 'ch': 35}, '3': {'block': 'Conv_LSTM', 'ch': 35}, '4': 58, '5': {'block': 'C2f', 'repeats': 2, 'ch': 58}, '6': {'block': 'Conv_LSTM', 'ch': 58}, '7': 76, '8': {'block': 'MambaVisionLayer', 'repeats': 2, 'ch': 76, 'hd': 1}, '9': {'block': 'Conv_LSTM', 'ch': 76}, '10': 160, '11': {'block': 'C2f', 'repeats': 2, 'ch': 160}, '12': {'block': 'Conv_LSTM', 'ch': 160}, '13': {'ch': 160}}",509547520.0,1071464.0,14.5254755,-0.6215032154702669,,,,,[          0],[          1],[          0],[          3]
98,ind_1000,/home/silvada/Desktop/Projects2024/Chimera/Chimera_v1_clean/evolve_track_alpha_5m/exp000148/ind_1000.yaml,"{'0': 20, '1': 35, '2': {'block': 'C2f', 'repeats': 2, 'ch': 35}, '3': {'block': 'Conv_LSTM', 'ch': 35}, '4': 58, '5': {'block': 'C2f', 'repeats': 2, 'ch': 58}, '6': {'block': 'Conv_LSTM', 'ch': 58}, '7': 76, '8': {'block': 'MaxVitAttentionPairCl', 'repeats': 2, 'ch': 76, 'hd': 1}, '9': {'block': 'Conv_LSTM', 'ch': 76}, '10': 160, '11': {'block': 'C2f', 'repeats': 2, 'ch': 160}, '12': {'block': 'Conv_LSTM', 'ch': 160}, '13': {'ch': 160}}",508257280.0,1094904.0,14.5254755,-0.6260903319728234,,,,,[          0],[          0],[          1],[          3]
99,ind_676,/home/silvada/Desktop/Projects2024/Chimera/Chimera_v1_clean/evolve_track_alpha_5m/exp000148/ind_676.yaml,"{'0': 20, '1': 34, '2': {'block': 'C2f', 'repeats': 2, 'ch': 34}, '3': {'block': 'Conv_LSTM', 'ch': 34}, '4': 68, '5': {'block': 'C2f', 'repeats': 2, 'ch': 68}, '6': {'block': 'Conv_LSTM', 'ch': 68}, '7': 68, '8': {'block': 'MambaVisionLayer', 'repeats': 2, 'ch': 68, 'hd': 1}, '9': {'block': 'Conv_LSTM', 'ch': 68}, '10': 80, '11': {'block': 'C2f', 'repeats': 2, 'ch': 80}, '12': {'block': 'Conv_LSTM', 'ch': 80}, '13': {'ch': 80}}",489089536.0,565616.0,14.528931,-0.6502545361679762,,,,,[          0],[          1],[          0],[          3]
